{
    "Pos": {
        "x": 0.26835060119628909,
        "y": 0.006954222917556763,
        "z": 0.20206226408481599
    },
    "Rotation": {
        "x": 359.4380798339844,
        "y": 2.1022064685821535,
        "z": 359.8620300292969
    }
}